https://auburn.craigslist.org, 
https://bham.craigslist.org, 
https://dothan.craigslist.org, 
https://shoals.craigslist.org, 
https://gadsden.craigslist.org, 
https://huntsville.craigslist.org, 
https://mobile.craigslist.org, 
https://montgomery.craigslist.org, 
https://tuscaloosa.craigslist.org, 
https://anchorage.craigslist.org, 
https://fairbanks.craigslist.org, 
https://kenai.craigslist.org, 
https://juneau.craigslist.org, 
https://flagstaff.craigslist.org, 
https://mohave.craigslist.org, 
https://phoenix.craigslist.org, 
https://prescott.craigslist.org, 
https://showlow.craigslist.org, 
https://sierravista.craigslist.org, 
https://tucson.craigslist.org, 
https://yuma.craigslist.org, 
https://fayar.craigslist.org, 
https://fortsmith.craigslist.org, 
https://jonesboro.craigslist.org, 
https://littlerock.craigslist.org, 
https://texarkana.craigslist.org, 
https://bakersfield.craigslist.org, 
https://chico.craigslist.org, 
https://fresno.craigslist.org, 
https://goldcountry.craigslist.org, 
https://hanford.craigslist.org, 
https://humboldt.craigslist.org, 
https://imperial.craigslist.org, 
https://inlandempire.craigslist.org, 
https://losangeles.craigslist.org, 
https://mendocino.craigslist.org, 
https://merced.craigslist.org, 
https://modesto.craigslist.org, 
https://monterey.craigslist.org, 
https://orangecounty.craigslist.org, 
https://palmsprings.craigslist.org, 
https://redding.craigslist.org, 
https://sacramento.craigslist.org, 
https://sandiego.craigslist.org, 
https://sfbay.craigslist.org, 
https://slo.craigslist.org, 
https://santabarbara.craigslist.org, 
https://santamaria.craigslist.org, 
https://siskiyou.craigslist.org, 
https://stockton.craigslist.org, 
https://susanville.craigslist.org, 
https://ventura.craigslist.org, 
https://visalia.craigslist.org, 
https://yubasutter.craigslist.org, 
https://boulder.craigslist.org, 
https://cosprings.craigslist.org, 
https://denver.craigslist.org, 
https://eastco.craigslist.org, 
https://fortcollins.craigslist.org, 
https://rockies.craigslist.org, 
https://pueblo.craigslist.org, 
https://westslope.craigslist.org, 
https://newlondon.craigslist.org, 
https://hartford.craigslist.org, 
https://newhaven.craigslist.org, 
https://nwct.craigslist.org, 
https://delaware.craigslist.org, 
https://washingtondc.craigslist.org, 
https://miami.craigslist.org, 
https://daytona.craigslist.org, 
https://keys.craigslist.org, 
https://miami.craigslist.org, 
https://fortmyers.craigslist.org, 
https://gainesville.craigslist.org, 
https://cfl.craigslist.org, 
https://jacksonville.craigslist.org, 
https://lakeland.craigslist.org, 
https://miami.craigslist.org, 
https://lakecity.craigslist.org, 
https://ocala.craigslist.org, 
https://okaloosa.craigslist.org, 
https://orlando.craigslist.org, 
https://panamacity.craigslist.org, 
https://pensacola.craigslist.org, 
https://sarasota.craigslist.org, 
https://miami.craigslist.org, 
https://spacecoast.craigslist.org, 
https://staugustine.craigslist.org, 
https://tallahassee.craigslist.org, 
https://tampa.craigslist.org, 
https://treasure.craigslist.org, 
https://miami.craigslist.org, 
https://albanyga.craigslist.org, 
https://athensga.craigslist.org, 
https://atlanta.craigslist.org, 
https://augusta.craigslist.org, 
https://brunswick.craigslist.org, 
https://columbusga.craigslist.org, 
https://macon.craigslist.org, 
https://nwga.craigslist.org, 
https://savannah.craigslist.org, 
https://statesboro.craigslist.org, 
https://valdosta.craigslist.org, 
https://honolulu.craigslist.org, 
https://boise.craigslist.org, 
https://eastidaho.craigslist.org, 
https://lewiston.craigslist.org, 
https://twinfalls.craigslist.org, 
https://bn.craigslist.org, 
https://chambana.craigslist.org, 
https://chicago.craigslist.org, 
https://decatur.craigslist.org, 
https://lasalle.craigslist.org, 
https://mattoon.craigslist.org, 
https://peoria.craigslist.org, 
https://rockford.craigslist.org, 
https://carbondale.craigslist.org, 
https://springfieldil.craigslist.org, 
https://quincy.craigslist.org, 
https://bloomington.craigslist.org, 
https://evansville.craigslist.org, 
https://fortwayne.craigslist.org, 
https://indianapolis.craigslist.org, 
https://kokomo.craigslist.org, 
https://tippecanoe.craigslist.org, 
https://muncie.craigslist.org, 
https://richmondin.craigslist.org, 
https://southbend.craigslist.org, 
https://terrehaute.craigslist.org, 
https://ames.craigslist.org, 
https://cedarrapids.craigslist.org, 
https://desmoines.craigslist.org, 
https://dubuque.craigslist.org, 
https://fortdodge.craigslist.org, 
https://iowacity.craigslist.org, 
https://masoncity.craigslist.org, 
https://quadcities.craigslist.org, 
https://siouxcity.craigslist.org, 
https://ottumwa.craigslist.org, 
https://waterloo.craigslist.org, 
https://lawrence.craigslist.org, 
https://ksu.craigslist.org, 
https://nwks.craigslist.org, 
https://salina.craigslist.org, 
https://seks.craigslist.org, 
https://swks.craigslist.org, 
https://topeka.craigslist.org, 
https://wichita.craigslist.org, 
https://bgky.craigslist.org, 
https://eastky.craigslist.org, 
https://lexington.craigslist.org, 
https://louisville.craigslist.org, 
https://owensboro.craigslist.org, 
https://westky.craigslist.org, 
https://batonrouge.craigslist.org, 
https://cenla.craigslist.org, 
https://houma.craigslist.org, 
https://lafayette.craigslist.org, 
https://lakecharles.craigslist.org, 
https://monroe.craigslist.org, 
https://neworleans.craigslist.org, 
https://shreveport.craigslist.org, 
https://maine.craigslist.org, 
https://annapolis.craigslist.org, 
https://baltimore.craigslist.org, 
https://easternshore.craigslist.org, 
https://frederick.craigslist.org, 
https://smd.craigslist.org, 
https://westmd.craigslist.org, 
https://boston.craigslist.org, 
https://capecod.craigslist.org, 
https://southcoast.craigslist.org, 
https://westernmass.craigslist.org, 
https://worcester.craigslist.org, 
https://annarbor.craigslist.org, 
https://battlecreek.craigslist.org, 
https://centralmich.craigslist.org, 
https://detroit.craigslist.org, 
https://flint.craigslist.org, 
https://grandrapids.craigslist.org, 
https://holland.craigslist.org, 
https://jxn.craigslist.org, 
https://kalamazoo.craigslist.org, 
https://lansing.craigslist.org, 
https://monroemi.craigslist.org, 
https://muskegon.craigslist.org, 
https://nmi.craigslist.org, 
https://porthuron.craigslist.org, 
https://saginaw.craigslist.org, 
https://swmi.craigslist.org, 
https://thumb.craigslist.org, 
https://up.craigslist.org, 
https://bemidji.craigslist.org, 
https://brainerd.craigslist.org, 
https://duluth.craigslist.org, 
https://mankato.craigslist.org, 
https://minneapolis.craigslist.org, 
https://rmn.craigslist.org, 
https://marshall.craigslist.org, 
https://stcloud.craigslist.org, 
https://gulfport.craigslist.org, 
https://hattiesburg.craigslist.org, 
https://jackson.craigslist.org, 
https://meridian.craigslist.org, 
https://northmiss.craigslist.org, 
https://natchez.craigslist.org, 
https://columbiamo.craigslist.org, 
https://joplin.craigslist.org, 
https://kansascity.craigslist.org, 
https://kirksville.craigslist.org, 
https://loz.craigslist.org, 
https://semo.craigslist.org, 
https://springfield.craigslist.org, 
https://stjoseph.craigslist.org, 
https://stlouis.craigslist.org, 
https://billings.craigslist.org, 
https://bozeman.craigslist.org, 
https://butte.craigslist.org, 
https://greatfalls.craigslist.org, 
https://helena.craigslist.org, 
https://kalispell.craigslist.org, 
https://missoula.craigslist.org, 
https://montana.craigslist.org, 
https://grandisland.craigslist.org, 
https://lincoln.craigslist.org, 
https://northplatte.craigslist.org, 
https://omaha.craigslist.org, 
https://scottsbluff.craigslist.org, 
https://elko.craigslist.org, 
https://lasvegas.craigslist.org, 
https://reno.craigslist.org, 
https://nh.craigslist.org, 
https://cnj.craigslist.org, 
https://jerseyshore.craigslist.org, 
https://newjersey.craigslist.org, 
https://southjersey.craigslist.org, 
https://albuquerque.craigslist.org, 
https://clovis.craigslist.org, 
https://farmington.craigslist.org, 
https://lascruces.craigslist.org, 
https://roswell.craigslist.org, 
https://santafe.craigslist.org, 
https://albany.craigslist.org, 
https://binghamton.craigslist.org, 
https://buffalo.craigslist.org, 
https://catskills.craigslist.org, 
https://chautauqua.craigslist.org, 
https://elmira.craigslist.org, 
https://fingerlakes.craigslist.org, 
https://glensfalls.craigslist.org, 
https://hudsonvalley.craigslist.org, 
https://ithaca.craigslist.org, 
https://longisland.craigslist.org, 
https://newyork.craigslist.org, 
https://oneonta.craigslist.org, 
https://plattsburgh.craigslist.org, 
https://potsdam.craigslist.org, 
https://rochester.craigslist.org, 
https://syracuse.craigslist.org, 
https://twintiers.craigslist.org, 
https://utica.craigslist.org, 
https://watertown.craigslist.org, 
https://asheville.craigslist.org, 
https://boone.craigslist.org, 
https://charlotte.craigslist.org, 
https://eastnc.craigslist.org, 
https://fayetteville.craigslist.org, 
https://greensboro.craigslist.org, 
https://hickory.craigslist.org, 
https://onslow.craigslist.org, 
https://outerbanks.craigslist.org, 
https://raleigh.craigslist.org, 
https://wilmington.craigslist.org, 
https://winstonsalem.craigslist.org, 
https://bismarck.craigslist.org, 
https://fargo.craigslist.org, 
https://grandforks.craigslist.org, 
https://nd.craigslist.org, 
https://akroncanton.craigslist.org, 
https://ashtabula.craigslist.org, 
https://athensohio.craigslist.org, 
https://chillicothe.craigslist.org, 
https://cincinnati.craigslist.org, 
https://cleveland.craigslist.org, 
https://columbus.craigslist.org, 
https://dayton.craigslist.org, 
https://limaohio.craigslist.org, 
https://mansfield.craigslist.org, 
https://sandusky.craigslist.org, 
https://toledo.craigslist.org, 
https://tuscarawas.craigslist.org, 
https://youngstown.craigslist.org, 
https://zanesville.craigslist.org, 
https://lawton.craigslist.org, 
https://enid.craigslist.org, 
https://oklahomacity.craigslist.org, 
https://stillwater.craigslist.org, 
https://tulsa.craigslist.org, 
https://bend.craigslist.org, 
https://corvallis.craigslist.org, 
https://eastoregon.craigslist.org, 
https://eugene.craigslist.org, 
https://klamath.craigslist.org, 
https://medford.craigslist.org, 
https://oregoncoast.craigslist.org, 
https://portland.craigslist.org, 
https://roseburg.craigslist.org, 
https://salem.craigslist.org, 
https://altoona.craigslist.org, 
https://chambersburg.craigslist.org, 
https://erie.craigslist.org, 
https://harrisburg.craigslist.org, 
https://lancaster.craigslist.org, 
https://allentown.craigslist.org, 
https://meadville.craigslist.org, 
https://philadelphia.craigslist.org, 
https://pittsburgh.craigslist.org, 
https://poconos.craigslist.org, 
https://reading.craigslist.org, 
https://scranton.craigslist.org, 
https://pennstate.craigslist.org, 
https://williamsport.craigslist.org, 
https://york.craigslist.org, 
https://providence.craigslist.org, 
https://charleston.craigslist.org, 
https://columbia.craigslist.org, 
https://florencesc.craigslist.org, 
https://greenville.craigslist.org, 
https://hiltonhead.craigslist.org, 
https://myrtlebeach.craigslist.org, 
https://nesd.craigslist.org, 
https://csd.craigslist.org, 
https://rapidcity.craigslist.org, 
https://siouxfalls.craigslist.org, 
https://sd.craigslist.org, 
https://chattanooga.craigslist.org, 
https://clarksville.craigslist.org, 
https://cookeville.craigslist.org, 
https://jacksontn.craigslist.org, 
https://knoxville.craigslist.org, 
https://memphis.craigslist.org, 
https://nashville.craigslist.org, 
https://tricities.craigslist.org, 
https://abilene.craigslist.org, 
https://amarillo.craigslist.org, 
https://austin.craigslist.org, 
https://beaumont.craigslist.org, 
https://brownsville.craigslist.org, 
https://collegestation.craigslist.org, 
https://corpuschristi.craigslist.org, 
https://dallas.craigslist.org, 
https://nacogdoches.craigslist.org, 
https://delrio.craigslist.org, 
https://elpaso.craigslist.org, 
https://galveston.craigslist.org, 
https://houston.craigslist.org, 
https://killeen.craigslist.org, 
https://laredo.craigslist.org, 
https://lubbock.craigslist.org, 
https://mcallen.craigslist.org, 
https://odessa.craigslist.org, 
https://sanangelo.craigslist.org, 
https://sanantonio.craigslist.org, 
https://sanmarcos.craigslist.org, 
https://bigbend.craigslist.org, 
https://texoma.craigslist.org, 
https://easttexas.craigslist.org, 
https://victoriatx.craigslist.org, 
https://waco.craigslist.org, 
https://wichitafalls.craigslist.org, 
https://logan.craigslist.org, 
https://ogden.craigslist.org, 
https://provo.craigslist.org, 
https://saltlakecity.craigslist.org, 
https://stgeorge.craigslist.org, 
https://vermont.craigslist.org, 
https://charlottesville.craigslist.org, 
https://danville.craigslist.org, 
https://fredericksburg.craigslist.org, 
https://norfolk.craigslist.org, 
https://harrisonburg.craigslist.org, 
https://lynchburg.craigslist.org, 
https://blacksburg.craigslist.org, 
https://richmond.craigslist.org, 
https://roanoke.craigslist.org, 
https://swva.craigslist.org, 
https://winchester.craigslist.org, 
https://bellingham.craigslist.org, 
https://kpr.craigslist.org, 
https://moseslake.craigslist.org, 
https://olympic.craigslist.org, 
https://pullman.craigslist.org, 
https://seattle.craigslist.org, 
https://skagit.craigslist.org, 
https://spokane.craigslist.org, 
https://wenatchee.craigslist.org, 
https://yakima.craigslist.org, 
https://charlestonwv.craigslist.org, 
https://martinsburg.craigslist.org, 
https://huntington.craigslist.org, 
https://morgantown.craigslist.org, 
https://wheeling.craigslist.org, 
https://parkersburg.craigslist.org, 
https://swv.craigslist.org, 
https://wv.craigslist.org, 
https://appleton.craigslist.org, 
https://eauclaire.craigslist.org, 
https://greenbay.craigslist.org, 
https://janesville.craigslist.org, 
https://racine.craigslist.org, 
https://lacrosse.craigslist.org, 
https://madison.craigslist.org, 
https://milwaukee.craigslist.org, 
https://northernwi.craigslist.org, 
https://sheboygan.craigslist.org, 
https://wausau.craigslist.org, 
https://wyoming.craigslist.org, 
https://micronesia.craigslist.org, 
https://puertorico.craigslist.org, 
https://virgin.craigslist.org, 
https://calgary.craigslist.org, 
https://edmonton.craigslist.org, 
https://ftmcmurray.craigslist.org, 
https://lethbridge.craigslist.org, 
https://hat.craigslist.org, 
https://peace.craigslist.org, 
https://reddeer.craigslist.org, 
https://cariboo.craigslist.org, 
https://comoxvalley.craigslist.org, 
https://abbotsford.craigslist.org, 
https://kamloops.craigslist.org, 
https://kelowna.craigslist.org, 
https://kootenays.craigslist.org, 
https://nanaimo.craigslist.org, 
https://princegeorge.craigslist.org, 
https://skeena.craigslist.org, 
https://sunshine.craigslist.org, 
https://vancouver.craigslist.org, 
https://victoria.craigslist.org, 
https://whistler.craigslist.org, 
https://winnipeg.craigslist.org, 
https://newbrunswick.craigslist.org, 
https://newfoundland.craigslist.org, 
https://territories.craigslist.org, 
https://yellowknife.craigslist.org, 
https://halifax.craigslist.org, 
https://barrie.craigslist.org, 
https://belleville.craigslist.org, 
https://brantford.craigslist.org, 
https://chatham.craigslist.org, 
https://cornwall.craigslist.org, 
https://guelph.craigslist.org, 
https://hamilton.craigslist.org, 
https://kingston.craigslist.org, 
https://kitchener.craigslist.org, 
https://londonon.craigslist.org, 
https://niagara.craigslist.org, 
https://ottawa.craigslist.org, 
https://owensound.craigslist.org, 
https://peterborough.craigslist.org, 
https://sarnia.craigslist.org, 
https://soo.craigslist.org, 
https://sudbury.craigslist.org, 
https://thunderbay.craigslist.org, 
https://toronto.craigslist.org, 
https://windsor.craigslist.org, 
https://pei.craigslist.org, 
https://montreal.craigslist.org, 
https://quebec.craigslist.org, 
https://saguenay.craigslist.org, 
https://sherbrooke.craigslist.org, 
https://troisrivieres.craigslist.org, 
https://regina.craigslist.org, 
https://saskatoon.craigslist.org, 
https://whitehorse.craigslist.org, 
https://vienna.craigslist.org, 
https://brussels.craigslist.org, 
https://bulgaria.craigslist.org, 
https://zagreb.craigslist.org, 
https://prague.craigslist.org, 
https://copenhagen.craigslist.org, 
https://helsinki.craigslist.org, 
https://bordeaux.craigslist.org, 
https://rennes.craigslist.org, 
https://grenoble.craigslist.org, 
https://lille.craigslist.org, 
https://loire.craigslist.org, 
https://lyon.craigslist.org, 
https://marseilles.craigslist.org, 
https://montpellier.craigslist.org, 
https://cotedazur.craigslist.org, 
https://rouen.craigslist.org, 
https://paris.craigslist.org, 
https://strasbourg.craigslist.org, 
https://toulouse.craigslist.org, 
https://berlin.craigslist.org, 
https://bremen.craigslist.org, 
https://cologne.craigslist.org, 
https://dresden.craigslist.org, 
https://dusseldorf.craigslist.org, 
https://essen.craigslist.org, 
https://frankfurt.craigslist.org, 
https://hamburg.craigslist.org, 
https://hannover.craigslist.org, 
https://heidelberg.craigslist.org, 
https://kaiserslautern.craigslist.org, 
https://leipzig.craigslist.org, 
https://munich.craigslist.org, 
https://nuremberg.craigslist.org, 
https://stuttgart.craigslist.org, 
https://athens.craigslist.org, 
https://budapest.craigslist.org, 
https://reykjavik.craigslist.org, 
https://dublin.craigslist.org, 
https://bologna.craigslist.org, 
https://florence.craigslist.org, 
https://genoa.craigslist.org, 
https://milan.craigslist.org, 
https://naples.craigslist.org, 
https://perugia.craigslist.org, 
https://rome.craigslist.org, 
https://sardinia.craigslist.org, 
https://sicily.craigslist.org, 
https://torino.craigslist.org, 
https://venice.craigslist.org, 
https://luxembourg.craigslist.org, 
https://amsterdam.craigslist.org, 
https://oslo.craigslist.org, 
https://warsaw.craigslist.org, 
https://faro.craigslist.org, 
https://lisbon.craigslist.org, 
https://porto.craigslist.org, 
https://bucharest.craigslist.org, 
https://moscow.craigslist.org, 
https://stpetersburg.craigslist.org, 
https://alicante.craigslist.org, 
https://baleares.craigslist.org, 
https://barcelona.craigslist.org, 
https://bilbao.craigslist.org, 
https://cadiz.craigslist.org, 
https://canarias.craigslist.org, 
https://granada.craigslist.org, 
https://madrid.craigslist.org, 
https://malaga.craigslist.org, 
https://sevilla.craigslist.org, 
https://valencia.craigslist.org, 
https://stockholm.craigslist.org, 
https://basel.craigslist.org, 
https://bern.craigslist.org, 
https://geneva.craigslist.org, 
https://lausanne.craigslist.org, 
https://zurich.craigslist.org, 
https://istanbul.craigslist.org, 
https://ukraine.craigslist.org, 
https://aberdeen.craigslist.org, 
https://bath.craigslist.org, 
https://belfast.craigslist.org, 
https://birmingham.craigslist.org, 
https://brighton.craigslist.org, 
https://bristol.craigslist.org, 
https://cambridge.craigslist.org, 
https://cardiff.craigslist.org, 
https://coventry.craigslist.org, 
https://derby.craigslist.org, 
https://devon.craigslist.org, 
https://dundee.craigslist.org, 
https://norwich.craigslist.org, 
https://eastmids.craigslist.org, 
https://edinburgh.craigslist.org, 
https://essex.craigslist.org, 
https://glasgow.craigslist.org, 
https://hampshire.craigslist.org, 
https://kent.craigslist.org, 
https://leeds.craigslist.org, 
https://liverpool.craigslist.org, 
https://london.craigslist.org, 
https://manchester.craigslist.org, 
https://newcastle.craigslist.org, 
https://nottingham.craigslist.org, 
https://oxford.craigslist.org, 
https://sheffield.craigslist.org, 
https://bangladesh.craigslist.org, 
https://beijing.craigslist.org, 
https://chengdu.craigslist.org, 
https://chongqing.craigslist.org, 
https://dalian.craigslist.org, 
https://guangzhou.craigslist.org, 
https://hangzhou.craigslist.org, 
https://nanjing.craigslist.org, 
https://shanghai.craigslist.org, 
https://shenyang.craigslist.org, 
https://shenzhen.craigslist.org, 
https://wuhan.craigslist.org, 
https://xian.craigslist.org, 
https://micronesia.craigslist.org, 
https://hongkong.craigslist.org, 
https://ahmedabad.craigslist.org, 
https://bangalore.craigslist.org, 
https://bhubaneswar.craigslist.org, 
https://chandigarh.craigslist.org, 
https://chennai.craigslist.org, 
https://delhi.craigslist.org, 
https://goa.craigslist.org, 
https://hyderabad.craigslist.org, 
https://indore.craigslist.org, 
https://jaipur.craigslist.org, 
https://kerala.craigslist.org, 
https://kolkata.craigslist.org, 
https://lucknow.craigslist.org, 
https://mumbai.craigslist.org, 
https://pune.craigslist.org, 
https://surat.craigslist.org, 
https://jakarta.craigslist.org, 
https://tehran.craigslist.org, 
https://baghdad.craigslist.org, 
https://haifa.craigslist.org, 
https://jerusalem.craigslist.org, 
https://telaviv.craigslist.org, 
https://ramallah.craigslist.org, 
https://fukuoka.craigslist.org, 
https://hiroshima.craigslist.org, 
https://nagoya.craigslist.org, 
https://okinawa.craigslist.org, 
https://osaka.craigslist.org, 
https://sapporo.craigslist.org, 
https://sendai.craigslist.org, 
https://tokyo.craigslist.org, 
https://seoul.craigslist.org, 
https://kuwait.craigslist.org, 
https://beirut.craigslist.org, 
https://malaysia.craigslist.org, 
https://pakistan.craigslist.org, 
https://bacolod.craigslist.org, 
https://naga.craigslist.org, 
https://cdo.craigslist.org, 
https://cebu.craigslist.org, 
https://davaocity.craigslist.org, 
https://iloilo.craigslist.org, 
https://manila.craigslist.org, 
https://pampanga.craigslist.org, 
https://zamboanga.craigslist.org, 
https://singapore.craigslist.org, 
https://taipei.craigslist.org, 
https://bangkok.craigslist.org, 
https://dubai.craigslist.org, 
https://vietnam.craigslist.org, 
https://adelaide.craigslist.org, 
https://brisbane.craigslist.org, 
https://cairns.craigslist.org, 
https://canberra.craigslist.org, 
https://darwin.craigslist.org, 
https://goldcoast.craigslist.org, 
https://melbourne.craigslist.org, 
https://ntl.craigslist.org, 
https://perth.craigslist.org, 
https://sydney.craigslist.org, 
https://hobart.craigslist.org, 
https://wollongong.craigslist.org, 
https://auckland.craigslist.org, 
https://christchurch.craigslist.org, 
https://dunedin.craigslist.org, 
https://wellington.craigslist.org, 
https://buenosaires.craigslist.org, 
https://lapaz.craigslist.org, 
https://belohorizonte.craigslist.org, 
https://brasilia.craigslist.org, 
https://curitiba.craigslist.org, 
https://fortaleza.craigslist.org, 
https://portoalegre.craigslist.org, 
https://recife.craigslist.org, 
https://rio.craigslist.org, 
https://salvador.craigslist.org, 
https://saopaulo.craigslist.org, 
https://caribbean.craigslist.org, 
https://santiago.craigslist.org, 
https://colombia.craigslist.org, 
https://costarica.craigslist.org, 
https://santodomingo.craigslist.org, 
https://quito.craigslist.org, 
https://elsalvador.craigslist.org, 
https://guatemala.craigslist.org, 
https://acapulco.craigslist.org, 
https://bajasur.craigslist.org, 
https://chihuahua.craigslist.org, 
https://juarez.craigslist.org, 
https://guadalajara.craigslist.org, 
https://guanajuato.craigslist.org, 
https://hermosillo.craigslist.org, 
https://mazatlan.craigslist.org, 
https://mexicocity.craigslist.org, 
https://monterrey.craigslist.org, 
https://oaxaca.craigslist.org, 
https://puebla.craigslist.org, 
https://pv.craigslist.org, 
https://tijuana.craigslist.org, 
https://veracruz.craigslist.org, 
https://yucatan.craigslist.org, 
https://managua.craigslist.org, 
https://panama.craigslist.org, 
https://lima.craigslist.org, 
https://puertorico.craigslist.org, 
https://montevideo.craigslist.org, 
https://caracas.craigslist.org, 
https://virgin.craigslist.org, 
https://cairo.craigslist.org, 
https://addisababa.craigslist.org, 
https://accra.craigslist.org, 
https://kenya.craigslist.org, 
https://casablanca.craigslist.org, 
https://capetown.craigslist.org, 
https://durban.craigslist.org, 
https://johannesburg.craigslist.org, 
https://pretoria.craigslist.org, 
https://tunis.craigslist.org, 
